{
   "destinations":[
      {
         "name":"Punta del Este",
         "coordinates":{
            "lat":-34.9673096,
            "lon":-54.9433139
         },
         "comfortLevel":"Comfortable Sailing",
         "distance":251.29946924,
         "time":"04:16"
      },
      {
         "name":"Colonia del Sacramento",
         "coordinates":{
            "lat":-34.4736208,
            "lon":-57.8466998
         },
         "comfortLevel":"Moderate Sailing",
         "distance":191.29946924,
         "time":"03:13"
      },
      {
         "name":"Montevideo",
         "coordinates":{
            "lat":-34.8942595,
            "lon":-56.1580615
         },
         "comfortLevel":"Comfortable Sailing",
         "distance":100.29946924,
         "time":"01:39"
      }
   ]
}