{
   "destinations":[
      {
         "coordinates":{
            "lat":18.4333,
            "lon":-64.6333
         },
         "name":"Virgin Gorda",
         "comfortLevel":"Comfortable Sailing",
         "distance":21.5,
         "time":"03:34"
      },
      {
         "coordinates":{
            "lat":18.2236,
            "lon":-64.6467
         },
         "name":"Jost Van Dyke",
         "comfortLevel":"Challenging Sailing",
         "distance":38.4,
         "time":"05:53"
      },
      {
         "coordinates":{
            "lat":18.0067,
            "lon":-63.2517
         },
         "name":"Anguilla",
         "comfortLevel":"Moderate Sailing",
         "distance":93.2,
         "time":"07:24"
      }
   ]
}