{
   "destinations":[
      {
         "name":"Avalon (Catalina Island)",
         "comfortLevel":"Moderate Sailing",
         "coordinates":{
            "lat":33.342222,
            "lon":-118.327500
         },
         "distance":54.14,
         "time":"07:30"
      },
      {
         "name":"Long Beach",
         "comfortLevel":"Comfortable Sailing",
         "coordinates":{
            "lat":33.754444,
            "lon":-118.200833
         },
         "distance":20.23,
         "time":"02:40"
      },
      {
         "name":"Dana Point",
         "comfortLevel":"Too Little Challenge",
         "coordinates":{
            "lat":33.462778,
            "lon":-117.696111
         },
         "distance":13.48,
         "time":"01:38"
      }
   ]
}