{
   "destinations":[
      {
         "coordinates":{
            "lat":48.4333,
            "lon":-123.3833
         },
         "name":"Esquimalt Harbour",
         "comfortLevel":"Comfortable Sailing",
         "distance":10.4,
         "time":"01:30"
      },
      {
         "coordinates":{
            "lat":48.4500,
            "lon":-123.167
         },
         "name":"Oak Bay Marina",
         "comfortLevel":"Moderate Sailing",
         "distance":14.6,
         "time":"02:10"
      },
      {
         "coordinates":{
            "lat":48.3500,
            "lon":-123.617
         },
         "name":"Port Renfrew Marina",
         "comfortLevel":"Challenging Sailing",
         "distance":37.6,
         "time":"05:25"
      }
   ]
}