{
   "destinations":[
      {
         "coordinates":{
            "lat":34.083333,
            "lon":18.433333
         },
         "name":"Cape Agulhas",
         "comfortLevel":"Comfortable Sailing",
         "distance":175.8,
         "time":"19:30"
      },
      {
         "coordinates":{
            "lat":34.083333,
            "lon":18.1
         },
         "name":"Cape Town to Hermanus",
         "comfortLevel":"Comfortable Sailing",
         "distance":105.3,
         "time":"11:00"
      },
      {
         "coordinates":{
            "lat":33.716667,
            "lon":18.416667
         },
         "name":"Hout Bay",
         "comfortLevel":"Moderate Sailing",
         "distance":20.1,
         "time":"1:30"
      }
   ]
}