{
   "destinations":[
      {
         "name":"Kalamata Port",
         "coordinates":{
            "lat":37.020394,
            "lon":22.115278
         },
         "comfortLevel":"Moderate Sailing",
         "distance":60.24,
         "time":"08:00"
      },
      {
         "name":"Zakynthos Port",
         "coordinates":{
            "lat":37.805819,
            "lon":20.891251
         },
         "comfortLevel":"Comfortable Sailing",
         "distance":108.41,
         "time":"07:00"
      },
      {
         "name":"Corfu Port",
         "coordinates":{
            "lat":39.62694,
            "lon":19.86447
         },
         "comfortLevel":"Too Little Challenge",
         "distance":214.56,
         "time":"07:11"
      }
   ]
}