{
   "destinations":[
      {
         "name":"Koh Pha Ngan",
         "coordinates":{
            "lat":9.773,
            "lon":100.066
         },
         "comfortLevel":"Moderate Sailing",
         "distance":34.59,
         "time":"04:35"
      },
      {
         "name":"Koh Tao",
         "coordinates":{
            "lat":10.085,
            "lon":99.84
         },
         "comfortLevel":"Challenging Sailing",
         "distance":54.46,
         "time":"06:58"
      },
      {
         "name":"Chumphon",
         "coordinates":{
            "lat":10.486,
            "lon":99.18
         },
         "comfortLevel":"Extreme Sailing",
         "distance":83.11,
         "time":"10:37"
      }
   ]
}