{
   "destinations":[
      {
         "coordinates":{
            "lat":43.3601,
            "lon":-70.0535
         },
         "name":"Portland",
         "comfortLevel":"Comfortable Sailing",
         "distance":140.38,
         "time":"08:00"
      },
      {
         "coordinates":{
            "lat":43.5401,
            "lon":-70.3535
         },
         "name":"Kennebunkport",
         "comfortLevel":"Moderate Sailing",
         "distance":97.14,
         "time":"06:00"
      },
      {
         "coordinates":{
            "lat":43.2301,
            "lon":-70.7535
         },
         "name":"Old Orchard Beach",
         "comfortLevel":"Challenging Sailing",
         "distance":101.32,
         "time":"08:00"
      }
   ]
}