{
   "destinations":[
      {
         "name":"Bermagui",
         "coordinates":{
            "lat":-36.420256,
            "lon":150.061523
         },
         "comfortLevel":"Moderate Sailing",
         "distance":191.7,
         "time":"04:59"
      },
      {
         "name":"Ulladulla",
         "coordinates":{
            "lat":-35.359339,
            "lon":150.466698
         },
         "comfortLevel":"Challenging Sailing",
         "distance":207.8,
         "time":"05:22"
      },
      {
         "name":"Merimbula",
         "coordinates":{
            "lat":-36.894343,
            "lon":149.863855
         },
         "comfortLevel":"Moderate Sailing",
         "distance":248.1,
         "time":"06:06"
      }
   ]
}