{
   "destinations":[
      {
         "name":"Kangasniemi",
         "coordinates":{
            "lat":61.753,
            "lon":25.746
         },
         "comfortLevel":"Comfortable Sailing",
         "distance":80.0,
         "time":"07:14"
      },
      {
         "name":"Helsinki Port",
         "coordinates":{
            "lat":60.168,
            "lon":24.955
         },
         "comfortLevel":"Too Little Challenge",
         "distance":2.0,
         "time":"00:21"
      },
      {
         "name":"Kotka",
         "coordinates":{
            "lat":60.414,
            "lon":26.954
         },
         "comfortLevel":"Challenging Sailing",
         "distance":122.0,
         "time":"08:56"
      }
   ]
}