{
   "destinations":[
      {
         "coordinates":{
            "lat":58.3953,
            "lon":16.236
         },
         "name":"Visby",
         "comfortLevel":"Comfortable Sailing",
         "distance":163.72,
         "time":"20:43"
      },
      {
         "coordinates":{
            "lat":58.0588,
            "lon":13.8504
         },
         "name":"Göteborg",
         "comfortLevel":"Moderate Sailing",
         "distance":314.94,
         "time":"06:22"
      },
      {
         "coordinates":{
            "lat":57.7129,
            "lon":16.6547
         },
         "name":"Oskarshamn",
         "comfortLevel":"Comfortable Sailing",
         "distance":192.25,
         "time":"05:43"
      }
   ]
}