{
   "destinations":[
      {
         "coordinates":{
            "lat":18.3333,
            "lon":-65.0
         },
         "name":"Culebrita",
         "comfortLevel":"Comfortable Sailing",
         "distance":47.4,
         "time":"06:19"
      },
      {
         "coordinates":{
            "lat":17.7474,
            "lon":-64.7511
         },
         "name":"Christiansted",
         "comfortLevel":"Comfortable Sailing",
         "distance":54.6,
         "time":"06:44"
      },
      {
         "coordinates":{
            "lat":18.3519,
            "lon":-65.2877
         },
         "name":"Fajardo",
         "comfortLevel":"Comfortable Sailing",
         "distance":57.5,
         "time":"07:35"
      }
   ]
}