{
   "destinations":[
      {
         "coordinates":{
            "lat":-28.867,
            "lon":32.0461
         },
         "name":"Richards Bay",
         "comfortLevel":"Comfortable Sailing",
         "distance":175,
         "time":"10:00"
      },
      {
         "coordinates":{
            "lat":-31.267,
            "lon":30.3661
         },
         "name":"East London",
         "comfortLevel":"Moderate Sailing",
         "distance":435,
         "time":"20:00"
      },
      {
         "coordinates":{
            "lat":-33.967,
            "lon":25.6161
         },
         "name":"Port Elizabeth",
         "comfortLevel":"Challenging Sailing",
         "distance":720,
         "time":"40:00"
      }
   ]
}