{
   "destinations":[
      {
         "name":"La Digue Island",
         "coordinates":{
            "lat":-4.351677,
            "lon":55.8323
         },
         "comfortLevel":"Moderate Sailing",
         "distance":51.7,
         "time":"06:30"
      },
      {
         "name":"Praslin Island",
         "coordinates":{
            "lat":-4.324007,
            "lon":55.7484
         },
         "comfortLevel":"Challenging Sailing",
         "distance":47.3,
         "time":"05:45"
      },
      {
         "name":"Cousin Island",
         "coordinates":{
            "lat":-4.328555,
            "lon":55.6535
         },
         "comfortLevel":"Comfortable Sailing",
         "distance":42.6,
         "time":"04:55"
      }
   ]
}