{
   "destinations":[
      {
         "coordinates":{
            "lat":18.033333,
            "lon":-63.083333
         },
         "name":"Simpson Bay",
         "comfortLevel":"Comfortable Sailing",
         "distance":4.7,
         "time":"01:15"
      },
      {
         "coordinates":{
            "lat":18.0,
            "lon":-63.2
         },
         "name":"Grand Case",
         "comfortLevel":"Moderate Sailing",
         "distance":9.1,
         "time":"02:30"
      },
      {
         "coordinates":{
            "lat":17.966667,
            "lon":-63.25
         },
         "name":"Marigot",
         "comfortLevel":"Moderate Sailing",
         "distance":10.6,
         "time":"02:50"
      }
   ]
}