{
   "destinations":[
      {
         "coordinates":{
            "lat":18.3667,
            "lon":-64.6333
         },
         "name":"Tortola",
         "comfortLevel":"Comfortable Sailing",
         "distance":101.1,
         "time":"04:19"
      },
      {
         "coordinates":{
            "lat":17.9333,
            "lon":-63.2333
         },
         "name":"Saba",
         "comfortLevel":"Moderate Sailing",
         "distance":64.3,
         "time":"03:19"
      },
      {
         "coordinates":{
            "lat":18.0167,
            "lon":-63.05
         },
         "name":"Anguilla",
         "comfortLevel":"Too Little Challenge",
         "distance":22.8,
         "time":"01:10"
      }
   ]
}