{
   "destinations":[
      {
         "coordinates":{
            "lat":48.4358,
            "lon":-122.6080
         },
         "name":"Deception Pass",
         "comfortLevel":"Comfortable Sailing",
         "distance":88.1,
         "time":"04:46"
      },
      {
         "coordinates":{
            "lat":47.4522,
            "lon":-122.4158
         },
         "name":"Tacoma",
         "comfortLevel":"Comfortable Sailing",
         "distance":59.3,
         "time":"02:44"
      },
      {
         "coordinates":{
            "lat":48.1156,
            "lon":-122.7393
         },
         "name":"Port Townsend",
         "comfortLevel":"Moderate Sailing",
         "distance":53.3,
         "time":"02:22"
      }
   ]
}