{
   "destinations":[
      {
         "coordinates":{
            "lat":-4.1755,
            "lon":73.5094
         },
         "name":"Hulhumalé",
         "comfortLevel":"Comfortable Sailing",
         "distance":1.3,
         "time":"01:00"
      },
      {
         "coordinates":{
            "lat":-3.9564,
            "lon":73.3975
         },
         "name":"Malé Atoll",
         "comfortLevel":"Moderate Sailing",
         "distance":22.1,
         "time":"04:00"
      },
      {
         "coordinates":{
            "lat":-4.7053,
            "lon":73.4459
         },
         "name":"Fulidhoo",
         "comfortLevel":"Comfortable Sailing",
         "distance":54.5,
         "time":"05:30"
      }
   ]
}