{
   "destinations":[
      {
         "coordinates":{
            "lat":38.9717,
            "lon":1.43845
         },
         "name":"Ibiza",
         "comfortLevel":"Comfortable Sailing",
         "distance":140.6,
         "time":"08:00"
      },
      {
         "coordinates":{
            "lat":40.47341,
            "lon":3.68336
         },
         "name":"Madrid",
         "comfortLevel":"Too Little Challenge",
         "distance":433.3,
         "time":"23:00"
      },
      {
         "coordinates":{
            "lat":37.3734,
            "lon":-7.00133
         },
         "name":"C�diz",
         "comfortLevel":"Moderate Sailing",
         "distance":503.4,
         "time":"25:00"
      }
   ]
}