{
   "destinations":[
      {
         "coordinates":{
            "lat":34.4153,
            "lon":-119.7015
         },
         "name":"Santa Barbara",
         "comfortLevel":"Comfortable Sailing",
         "distance":61.55,
         "time":"05:15"
      },
      {
         "coordinates":{
            "lat":33.7221,
            "lon":-118.2888
         },
         "name":"Catalina Island",
         "comfortLevel":"Moderate Sailing",
         "distance":41.83,
         "time":"03:30"
      },
      {
         "coordinates":{
            "lat":34.1468,
            "lon":-119.2432
         },
         "name":"Channel Islands National Park",
         "comfortLevel":"Challenging Sailing",
         "distance":70.25,
         "time":"06:14"
      }
   ]
}