{
   "destinations":[
      {
         "coordinates":{
            "lat":13.0,
            "lon":-61.0
         },
         "name":"Chatham Bay",
         "comfortLevel":"Comfortable Sailing",
         "distance":43.61,
         "time":"04:36"
      },
      {
         "coordinates":{
            "lat":13.27,
            "lon":-59.53
         },
         "name":"Bathsheba",
         "comfortLevel":"Moderate Sailing",
         "distance":87.39,
         "time":"07:08"
      },
      {
         "coordinates":{
            "lat":13.15,
            "lon":-60.16
         },
         "name":"Admiralty Bay",
         "comfortLevel":"Moderate Sailing",
         "distance":65.04,
         "time":"05:16"
      }
   ]
}