{
   "destinations": [
       {
           "name": " Kristiansund",
           "coordinates": {
               "lat": 63.1118,
               "lon": 7.7259
           },
           "comfortLevel": "Comfortable Sailing",
           "distance": 437.9,
           "time": "07:13"
       },
       {
           "name": "Bergen",
           "coordinates": {
               "lat": 60.3929,
               "lon": 5.3235
           },
           "comfortLevel": "Comfortable Sailing",
           "distance": 321.4,
           "time": "05:14"
       },
       {
           "name": "Ålesund",
           "coordinates": {
               "lat": 62.4731,
               "lon": 6.1558
           },
           "comfortLevel": "Moderate Sailing",
           "distance": 270.2,
           "time": "04:24"
       }
  ]
}