{
   "destinations":[
      {
         "coordinates":{
            "lat":20.955,
            "lon":-73.638
         },
         "name":"West Caicos",
         "comfortLevel":"Comfortable Sailing",
         "distance":65.86,
         "time":"08:00"
      },
      {
         "coordinates":{
            "lat":20.083,
            "lon":-70.533
         },
         "name":"Grand Turk",
         "comfortLevel":"Moderate Sailing",
         "distance":211.34,
         "time":"24:00"
      },
      {
         "coordinates":{
            "lat":21.468,
            "lon":-71.088
         },
         "name":"Middle Caicos",
         "comfortLevel":"Moderate Sailing",
         "distance":120.92,
         "time":"13:45"
      }
   ]
}