{
   "destinations":[
      {
         "name":"Kutuh - South Kuta",
         "coordinates": {
            "lat": -8.8049,
            "lon": 115.1928
         },
         "comfortLevel": "Comfortable Sailing",
         "distance": 11,
         "time": "02:00"
      },
      {
         "name":"Tulamben - North Kuta",
         "coordinates": {
            "lat": -8.2754,
            "lon": 115.5914
         },
         "comfortLevel": "Moderate Sailing",
         "distance": 54,
         "time": "06:00"
      },
      {
         "name":"Lovina - North Bali",
         "coordinates": {
            "lat": -8.1737,
            "lon": 114.7903
         },
         "comfortLevel": "Moderate Sailing",
         "distance": 100,
         "time": "08:00"
      }
   ]
}