{
   "destinations":[
      {
         "coordinates":{
            "lat":40.6333,
            "lon":22.95
         },
         "name":"Thessaloniki",
         "comfortLevel":"Comfortable Sailing",
         "distance":168.5,
         "time":"08:30"
      },
      {
         "coordinates":{
            "lat":40.1082,
            "lon":24.3164
         },
         "name":"Kavala",
         "comfortLevel":"Moderate Sailing",
         "distance":215.4,
         "time":"10:30"
      },
      {
         "coordinates":{
            "lat":39.6318,
            "lon":19.9254
         },
         "name":"Corfu(Kassiopi)",
         "comfortLevel":"Too Little Challenge",
         "distance":8.8,
         "time":"02:00"
      }
   ]
}