{
   "destinations":[
      {
         "coordinates":{
            "lat":25.7637,
            "lon":-80.1915
         },
         "name":"Miami",
         "comfortLevel":"Comfortable Sailing",
         "distance":212.01,
         "time":"08:00"
      },
      {
         "coordinates":{
            "lat":25.4701,
            "lon":-80.1389
         },
         "name":"Key Biscayne",
         "comfortLevel":"Comfortable Sailing",
         "distance":185.13,
         "time":"06:00"
      },
      {
         "coordinates":{
            "lat":24.5629,
            "lon":-81.7808
         },
         "name":"Key West",
         "comfortLevel":"Moderate Sailing",
         "distance":231.29,
         "time":"08:30"
      }
   ]
}