{
   "destinations":[
      {
         "name":"Port of Salerno",
         "coordinates":{
            "lat":40.675415,
            "lon":14.756111
         },
         "comfortLevel":"Moderate Sailing",
         "distance":43.0,
         "time":"05:00"
      },
      {
         "name":"Port of Castellammare di Stabia",
         "coordinates":{
            "lat":40.734556,
            "lon":14.483833
         },
         "comfortLevel":"Comfortable Sailing",
         "distance":20.0,
         "time":"02:30"
      },
      {
         "name":"Port of Sorrento",
         "coordinates":{
            "lat":40.622267,
            "lon":14.363778
         },
         "comfortLevel":"Comfortable Sailing",
         "distance":32.3,
         "time":"04:00"
      }
   ]
}