{
   "destinations":[
      {
         "coordinates":{
            "lat":43.5,
            "lon":16.5
         },
         "name":"Stari Grad",
         "comfortLevel":"Comfortable Sailing",
         "distance":14.68,
         "time":"03:45"
      },
      {
         "coordinates":{
            "lat":43.383333333333,
            "lon":16.233333333333
         },
         "name":"Hvar",
         "comfortLevel":"Moderate Sailing",
         "distance":23.83,
         "time":"05:15"
      },
      {
         "coordinates":{
            "lat":43.7166667,
            "lon":15.9333333
         },
         "name":"�ibenik",
         "comfortLevel":"Too Little Challenge",
         "distance":28.17,
         "time":"06:37"
      }
   ]
}