{
   "destinations":[
      {
         "name":"Bequia",
         "coordinates":{
            "lat":12.9872,
            "lon":-61.2293
         },
         "comfortLevel":"Comfortable Sailing",
         "distance":90,
         "time":"6:30"
      },
      {
         "name":"St. Lucia",
         "coordinates":{
            "lat":13.7607,
            "lon":-60.9716
         },
         "comfortLevel":"Moderate Sailing",
         "distance":150,
         "time":"7:30"
      },
      {
         "name":"Grenada",
         "coordinates":{
            "lat":12.1446,
            "lon":-61.6997
         },
         "comfortLevel":"Too Little Challenge",
         "distance":140,
         "time":"6:00"
      }
   ]
}