{
   "destinations":[
      {
         "name":"Krabi",
         "coordinates":{
            "lat":7.9583,
            "lon":98.8533
         },
         "comfortLevel":"Comfortable Sailing",
         "distance":69.37,
         "time":"04:22"
      },
      {
         "name":"Koh Phi Phi",
         "coordinates":{
            "lat":7.75,
            "lon":98.7667
         },
         "comfortLevel":"Comfortable Sailing",
         "distance":43.46,
         "time":"02:41"
      },
      {
         "name":"Koh Lanta",
         "coordinates":{
            "lat":7.65,
            "lon":99.0667
         },
         "comfortLevel":"Comfortable Sailing",
         "distance":55.86,
         "time":"03:20"
      }
   ]
}