{
   "destinations":[
      {
         "coordinates":{
            "lat":37.1042,
            "lon":27.4235
         },
         "name":"Bodrum",
         "comfortLevel":"Comfortable Sailing",
         "distance":14.1,
         "time":"02:17"
      },
      {
         "coordinates":{
            "lat":37.1832,
            "lon":27.2969
         },
         "name":"Gündoğan",
         "comfortLevel":"Moderate Sailing",
         "distance":10.6,
         "time":"01:43"
      },
      {
         "coordinates":{
            "lat":37.2712,
            "lon":27.2821
         },
         "name":"Türkbükü",
         "comfortLevel":"Comfortable Sailing",
         "distance":9.3,
         "time":"01:35"
      }
   ]
}