{
   "destinations":[
      {
         "coordinates":{
            "lat":25.7617,
            "lon":-80.1912
         },
         "name":"Key Biscayne",
         "comfortLevel":"Moderate Sailing",
         "distance":17.9,
         "time":"02:15"
      },
      {
         "coordinates":{
            "lat":26.0878,
            "lon":-80.1395
         },
         "name":"Fort Lauderdale",
         "comfortLevel":"Comfortable Sailing",
         "distance":28.6,
         "time":"03:45"
      },
      {
         "coordinates":{
            "lat":24.562,
            "lon":-81.7807
         },
         "name":"Key West",
         "comfortLevel":"Challenging Sailing",
         "distance":161.2,
         "time":"08:00"
      }
   ]
}