{
   "destinations":[
      {
         "name":"Phang Nga Province",
         "coordinates":{
            "lat":8.447132,
            "lon":98.499998
         },
         "comfortLevel":"Moderate Sailing",
         "distance":81.41,
         "time":"06:20"
      },
      {
         "name":"Koh Phi Phi Islands",
         "coordinates":{
            "lat":7.713756,
            "lon":98.766799
         },
         "comfortLevel":"Comfortable Sailing",
         "distance":141.42,
         "time":"08:00"
      },
      {
         "name":"Satun Province",
         "coordinates":{
            "lat":6.619599,
            "lon":100.094997
         },
         "comfortLevel":"Too Little Challenge",
         "distance":93.38,
         "time":"05:07"
      }
   ]
}