{
   "destinations":[
      {
         "name":"�les de Lerins",
         "coordinates":{
            "lat":43.33,
            "lon":6.99
         },
         "comfortLevel":"Comfortable Sailing",
         "distance":33.3,
         "time":"05:04"
      },
      {
         "name":"Sainte-Marguerite",
         "coordinates":{
            "lat":43.5084,
            "lon":7.033
         },
         "comfortLevel":"Too Little Challenge",
         "distance":4.9,
         "time":"00:46"
      },
      {
         "name":"Cap d'Antibes",
         "coordinates":{
            "lat":43.56,
            "lon":7.102
         },
         "comfortLevel":"Moderate Sailing",
         "distance":12.3,
         "time":"01:21"
      }
   ]
}