{
   "destinations":[
      {
         "coordinates":{
            "lat":56.2631,
            "lon":10.2155
         },
         "name":"Aarhus",
         "comfortLevel":"Comfortable Sailing",
         "distance":125,
         "time":"21:30"
      },
      {
         "coordinates":{
            "lat":56.1312,
            "lon":10.1969
         },
         "name":"Randers",
         "comfortLevel":"Moderate Sailing",
         "distance":87,
         "time":"15:00"
      },
      {
         "coordinates":{
            "lat":55.4044,
            "lon":11.0774
         },
         "name":"Køge",
         "comfortLevel":"Too Little Challenge",
         "distance":55,
         "time":"09:00"
      }
   ]
}