{
   "destinations":[
      {
         "coordinates":{
            "lat":37.9833,
            "lon":23.7333
         },
         "name":"Piraeus",
         "comfortLevel":"Comfortable Sailing",
         "distance":14.9,
         "time":"02:00"
      },
      {
         "coordinates":{
            "lat":37.6964,
            "lon":24.4331
         },
         "name":"Aegina",
         "comfortLevel":"Moderate Sailing",
         "distance":24.2,
         "time":"03:30"
      },
      {
         "coordinates":{
            "lat":37.45,
            "lon":24.3333
         },
         "name":"Agkistri",
         "comfortLevel":"Too Little Challenge",
         "distance":32.3,
         "time":"04:30"
      }
   ]
}