{
   "destinations":[
      {
         "coordinates":{
            "lat":14.0167,
            "lon":-60.95
         },
         "name":"Anse La Raye",
         "comfortLevel":"Comfortable Sailing",
         "distance":19.7,
         "time":"03:55"
      },
      {
         "coordinates":{
            "lat":14.25,
            "lon":-60.9333
         },
         "name":"Gros Islet",
         "comfortLevel":"Moderate Sailing",
         "distance":23.5,
         "time":"04:35"
      },
      {
         "coordinates":{
            "lat":13.2667,
            "lon":-61.3667
         },
         "name":"Kingstown",
         "comfortLevel":"Moderate Sailing",
         "distance":56.6,
         "time":"08:00"
      }
   ]
}