{
   "destinations":[
      {
         "coordinates":{
            "lat":32.8667,
            "lon":-117.233
         },
         "name":"La Jolla",
         "comfortLevel":"Comfortable Sailing",
         "distance":8.8,
         "time":"02:30"
      },
      {
         "coordinates":{
            "lat":33.1001,
            "lon":-117.3503
         },
         "name":"Carlsbad",
         "comfortLevel":"Moderate Sailing",
         "distance":35.1,
         "time":"06:30"
      },
      {
         "coordinates":{
            "lat":33.8667,
            "lon":-118.4000
         },
         "name":"Santa Catalina",
         "comfortLevel":"Challenging Sailing",
         "distance":100.4,
         "time":"08:00"
      }
   ]
}