{
   "destinations":[
      {
         "coordinates":{
            "lat":41.3879,
            "lon":2.168981
         },
         "name":"Badalona",
         "comfortLevel":"Comfortable Sailing",
         "distance":15.0,
         "time":"02:50"
      },
      {
         "coordinates":{
            "lat":40.799987,
            "lon":0.643749
         },
         "name":"Tarragona",
         "comfortLevel":"Moderate Sailing",
         "distance":63.6,
         "time":"06:38"
      },
      {
         "coordinates":{
            "lat":41.6282,
            "lon":2.70116
         },
         "name":"Blanes",
         "comfortLevel":"Moderate Sailing",
         "distance":59.2,
         "time":"06:07"
      }
   ]
}